{"cameraMode":{"drawMode":0,"name":"Shaded","section":"Shading Mode"},"sceneLighting":true,"audioPlay":false,"sceneViewState":{"showFog":true,"showMaterialUpdate":false,"showSkybox":false,"showFlares":true,"showImageEffects":true,"showParticleSystems":true},"in2DMode":false,"pivot":{"x":0.0,"y":0.7850499153137207,"z":0.9894957542419434},"rotation":{"x":-0.21461649239063264,"y":0.009353487752377987,"z":-0.002057868055999279,"w":-0.9766514897346497},"size":23.28603744506836,"orthographic":false}